filename,mood
angry_song (1).mp3,angry
angry_song (10).mp3,angry
angry_song (11).mp3,angry
angry_song (12).mp3,angry
angry_song (13).mp3,angry
angry_song (14).mp3,angry
angry_song (15).mp3,angry
angry_song (16).mp3,angry
angry_song (17).mp3,angry
angry_song (18).mp3,angry
angry_song (19).mp3,angry
angry_song (2).mp3,angry
angry_song (20).mp3,angry
angry_song (21).mp3,angry
angry_song (3).mp3,angry
angry_song (4).mp3,angry
angry_song (5).mp3,angry
angry_song (6).mp3,angry
angry_song (7).mp3,angry
angry_song (8).mp3,angry
angry_song (9).mp3,angry
dramatic_song (1).mp3,dramatic
dramatic_song (10).mp3,dramatic
dramatic_song (11).mp3,dramatic
dramatic_song (12).mp3,dramatic
dramatic_song (13).mp3,dramatic
dramatic_song (14).mp3,dramatic
dramatic_song (15).mp3,dramatic
dramatic_song (16).mp3,dramatic
dramatic_song (17).mp3,dramatic
dramatic_song (18).mp3,dramatic
dramatic_song (19).mp3,dramatic
dramatic_song (2).mp3,dramatic
dramatic_song (20).mp3,dramatic
dramatic_song (21).mp3,dramatic
dramatic_song (22).mp3,dramatic
dramatic_song (23).mp3,dramatic
dramatic_song (24).mp3,dramatic
dramatic_song (25).mp3,dramatic
dramatic_song (26).mp3,dramatic
dramatic_song (3).mp3,dramatic
dramatic_song (4).mp3,dramatic
dramatic_song (5).mp3,dramatic
dramatic_song (6).mp3,dramatic
dramatic_song (7).mp3,dramatic
dramatic_song (8).mp3,dramatic
dramatic_song (9).mp3,dramatic
happy_song (1).mp3,happy
happy_song (10).mp3,happy
happy_song (11).mp3,happy
happy_song (12).mp3,happy
happy_song (13).mp3,happy
happy_song (14).mp3,happy
happy_song (15).mp3,happy
happy_song (16).mp3,happy
happy_song (17).mp3,happy
happy_song (18).mp3,happy
happy_song (19).mp3,happy
happy_song (2).mp3,happy
happy_song (20).mp3,happy
happy_song (21).mp3,happy
happy_song (22).mp3,happy
happy_song (23).mp3,happy
happy_song (3).mp3,happy
happy_song (4).mp3,happy
happy_song (5).mp3,happy
happy_song (6).mp3,happy
happy_song (7).mp3,happy
happy_song (8).mp3,happy
happy_song (9).mp3,happy
romantic_song (1).mp3,romantic
romantic_song (10).mp3,romantic
romantic_song (11).mp3,romantic
romantic_song (12).mp3,romantic
romantic_song (13).mp3,romantic
romantic_song (14).mp3,romantic
romantic_song (15).mp3,romantic
romantic_song (16).mp3,romantic
romantic_song (17).mp3,romantic
romantic_song (18).mp3,romantic
romantic_song (19).mp3,romantic
romantic_song (2).mp3,romantic
romantic_song (20).mp3,romantic
romantic_song (21).mp3,romantic
romantic_song (22).mp3,romantic
romantic_song (23).mp3,romantic
romantic_song (24).mp3,romantic
romantic_song (3).mp3,romantic
romantic_song (4).mp3,romantic
romantic_song (5).mp3,romantic
romantic_song (6).mp3,romantic
romantic_song (7).mp3,romantic
romantic_song (8).mp3,romantic
romantic_song (9).mp3,romantic
sad_song (1).mp3,sad
sad_song (10).mp3,sad
sad_song (11).mp3,sad
sad_song (12).mp3,sad
sad_song (13).mp3,sad
sad_song (14).mp3,sad
sad_song (15).mp3,sad
sad_song (16).mp3,sad
sad_song (17).mp3,sad
sad_song (18).mp3,sad
sad_song (19).mp3,sad
sad_song (2).mp3,sad
sad_song (20).mp3,sad
sad_song (21).mp3,sad
sad_song (22).mp3,sad
sad_song (23).mp3,sad
sad_song (3).mp3,sad
sad_song (4).mp3,sad
sad_song (5).mp3,sad
sad_song (6).mp3,sad
sad_song (7).mp3,sad
sad_song (8).mp3,sad
sad_song (9).mp3,sad